# old_name	new_name	module  -- SDK re-home (0f2a6b7ba) and shape-named veneers (dd580ea90, 3bb3ccd5a)
AllocatorAllocForExpHeap_0x02010d58	AllocatorAllocForFrmHeap	arm9
AllocatorFreeForExpHeap_0x02010d90	AllocatorFreeForUnitHeap	arm9
AllocatorFreeForExpHeap_0x020d45bc	func_ov292_020d45bc	ov292
CARD_GetResultCode_0x0202bfb8	func_0202bfb8	arm9
CARD_GetResultCode_0x0203065c	func_0203065c	arm9
CARDi_GetRomAccessor_0x020315f4	func_020315f4	?
CARDi_GetRomAccessor_0x020505b0	func_ov006_020505b0	ov006
CARDi_GetRomAccessor_0x0207c498	func_ov008_0207c498	ov008
FS_UnloadOverlayImage_0x020362ec	func_020362ec	arm9
FX_Inv	FX_Div	itcm
FX_Inv_0x01ff8a40	FX_Inv	itcm
FX_Inv_0x020522ec	func_ov005_020522ec	?
FX_Inv_0x020676a0	func_ov008_020676a0	ov008
FX_Inv_0x020782c8	func_ov008_020782c8	ov008
FX_Inv_0x02099a80	func_ov025_02099a80	ov025
FX_Inv_0x020aed20	func_ov025_020aed20	ov025
GX_BeginLoadOBJExtPltt	GX_SetBankForTexPltt	arm9
GX_BeginLoadOBJExtPltt_0x02007b64	GX_BeginLoadOBJExtPltt	arm9
GX_DisableBankForBGExtPltt	GX_ResetBankForBGExtPltt	arm9
GX_DisableBankForBGExtPltt_0x02006564	GX_DisableBankForBGExtPltt	arm9
GX_DisableBankForOBJExtPltt	GX_ResetBankForOBJExtPltt	arm9
GX_DisableBankForOBJExtPltt_0x02006588	GX_DisableBankForOBJExtPltt	arm9
GX_DisableBankForSubBGExtPltt	GX_ResetBankForSubBGExtPltt	arm9
GX_DisableBankForSubBGExtPltt_0x02006610	GX_DisableBankForSubBGExtPltt	arm9
GX_DisableBankForSubOBJExtPltt	GX_ResetBankForSubOBJExtPltt	arm9
GX_DisableBankForSubOBJExtPltt_0x02006638	GX_DisableBankForSubOBJExtPltt	arm9
GX_GetBankForOBJExtPltt	TP_GetLatestIndexInAuto	arm9
NNS_FndAllocFromExpHeapEx_0x02010bcc	NNS_FndAllocFromFrmHeapEx	arm9
OS_IsThreadAvailable	func_01ff80a8	?
OS_IsThreadAvailable_0x0200e068	func_0200e068	arm9
OS_IsThreadAvailable_0x0200f274	func_0200f274	arm9
OS_IsThreadAvailable_0x0201b3d8	func_0201b3d8	arm9
OS_IsThreadAvailable_0x02023650	func_02023650	arm9
OS_IsThreadAvailable_0x0204ee00	func_ov009_0204ee00	ov009
OS_IsThreadAvailable_0x02051aa0	func_ov008_02051aa0	ov008
OS_IsThreadAvailable_0x0205f534	func_ov002_0205f534	?
OS_IsThreadAvailable_0x0206373c	func_ov002_0206373c	ov002
OS_IsThreadAvailable_0x02083358	func_ov024_02083358	ov024
OS_IsThreadAvailable_0x02085850	func_ov025_02085850	ov025
OS_IsThreadAvailable_0x020c9848	func_ov107_020c9848	ov107
OS_IsTickAvailable	func_01ff8128	itcm
OS_IsTickAvailable_0x01ff8138	func_01ff8138	itcm
OS_IsTickAvailable_0x0200315c	OS_IsTickAvailable	arm9
OS_TryLockCartridge	OS_UnlockCartridge_0x02001704	arm9
OS_TryLockCartridge_0x02001730	OS_TryLockCartridge	arm9
OS_UnlockByWord	OS_LockByWord	arm9
OS_UnlockByWord_0x02001688	OS_UnlockByWord	arm9
OS_UnlockByWord_0x0200ae4c	FS_ReadFile	arm9
OS_UnlockByWord_0x020bd9ec	func_ov105_020bd9ec	ov105
OS_UnlockCard	OS_LockCard	arm9
OS_UnlockCard_0x0200179c	OS_UnlockCard	arm9
OSi_IrqDma0_0x020afcbc	func_ov025_020afcbc	ov025
OSi_IrqDma0_0x020afccc	func_ov025_020afccc	ov025
OSi_IrqDma0_0x020b07dc	func_ov025_020b07dc	ov025
OSi_IrqTimer3_0x0206fb74	func_ov002_0206fb74	ov002
OSi_TryShutdown	PM_ForceToPowerOff	arm9
PXIi_RequestCmd0x65	PMi_ReadRegisterAsync	arm9
PXIi_RouteByChannelId	PMi_SetLEDAsync	arm9
PXIi_SendCmd0x64	PMi_WriteRegisterAsync	arm9
PXIi_SendCommand	PMi_SendPxiData	arm9
PXIi_TryLock	PMi_Lock	arm9
SNDi_UnlockMutex	GX_ResetBankForTex	arm9
SNDi_UnlockMutex_0x020063d0	GX_ResetBankForTexPltt	arm9
SNDi_UnlockMutex_0x020063e4	GX_ResetBankForSubBG	arm9
SNDi_UnlockMutex_0x020063f8	GX_ResetBankForSubOBJ	arm9
SNDi_UnlockMutex_0x0200653c	GX_DisableBankForBG	arm9
SNDi_UnlockMutex_0x02006550	GX_DisableBankForOBJ	arm9
SNDi_UnlockMutex_0x020065ac	GX_DisableBankForTex	arm9
SNDi_UnlockMutex_0x020065c0	GX_DisableBankForTexPltt	arm9
SNDi_UnlockMutex_0x020065d4	GX_DisableBankForLCDC	arm9
SNDi_UnlockMutex_0x020065e8	GX_DisableBankForSubBG	arm9
SNDi_UnlockMutex_0x020065fc	GX_DisableBankForSubOBJ	arm9
SNDi_UnlockMutex_0x020084f4	SNDi_LockMutex	arm9
SNDi_UnlockMutex_0x02008508	SNDi_UnlockMutex	arm9
SNDi_UnlockMutex_ov030_0x020b3220	func_ov030_020b3220	ov030
SNDi_UnlockMutex_ov031_0x020b3220	func_ov031_020b3220	ov031
SNDi_UnlockMutex_ov032_0x020b3220	func_ov032_020b3220	ov032
SNDi_UnlockMutex_ov033_0x020b3220	func_ov033_020b3220	ov033
SNDi_UnlockMutex_ov034_0x020b3220	func_ov034_020b3220	ov034
SNDi_UnlockMutex_ov035_0x020b3220	func_ov035_020b3220	ov035
SNDi_UnlockMutex_ov036_0x020b3220	func_ov036_020b3220	ov036
SNDi_UnlockMutex_ov037_0x020b3220	func_ov037_020b3220	ov037
SNDi_UnlockMutex_ov038_0x020b3220	func_ov038_020b3220	ov038
SNDi_UnlockMutex_ov039_0x020b3220	func_ov039_020b3220	ov039
SNDi_UnlockMutex_ov040_0x020b3220	func_ov040_020b3220	ov040
SNDi_UnlockMutex_ov041_0x020b3220	func_ov041_020b3220	ov041
SNDi_UnlockMutex_ov042_0x020b3220	func_ov042_020b3220	ov042
SNDi_UnlockMutex_ov043_0x020b3220	func_ov043_020b3220	ov043
SNDi_UnlockMutex_ov044_0x020b3220	func_ov044_020b3220	ov044
SNDi_UnlockMutex_ov045_0x020b3220	func_ov045_020b3220	ov045
SNDi_UnlockMutex_ov046_0x020b3220	func_ov046_020b3220	ov046
SNDi_UnlockMutex_ov047_0x020b3220	func_ov047_020b3220	ov047
SNDi_UnlockMutex_ov048_0x020b3220	func_ov048_020b3220	ov048
SNDi_UnlockMutex_ov049_0x020b3220	func_ov049_020b3220	ov049
SNDi_UnlockMutex_ov050_0x020b5a20	func_ov050_020b5a20	ov050
SNDi_UnlockMutex_ov051_0x020b5a20	func_ov051_020b5a20	ov051
SNDi_UnlockMutex_ov052_0x020b5a20	func_ov052_020b5a20	ov052
SNDi_UnlockMutex_ov053_0x020b5a20	func_ov053_020b5a20	ov053
SNDi_UnlockMutex_ov054_0x020b5a20	func_ov054_020b5a20	ov054
SNDi_UnlockMutex_ov055_0x020b5a20	func_ov055_020b5a20	ov055
SNDi_UnlockMutex_ov056_0x020b5a20	func_ov056_020b5a20	ov056
SNDi_UnlockMutex_ov057_0x020b5a20	func_ov057_020b5a20	ov057
SNDi_UnlockMutex_ov058_0x020b5a20	func_ov058_020b5a20	ov058
SNDi_UnlockMutex_ov059_0x020b5a20	func_ov059_020b5a20	ov059
SNDi_UnlockMutex_ov060_0x020b5a20	func_ov060_020b5a20	ov060
SNDi_UnlockMutex_ov061_0x020b5a20	func_ov061_020b5a20	ov061
SNDi_UnlockMutex_ov062_0x020b5a20	func_ov062_020b5a20	ov062
SNDi_UnlockMutex_ov063_0x020b5a20	func_ov063_020b5a20	ov063
SNDi_UnlockMutex_ov064_0x020b5a20	func_ov064_020b5a20	ov064
SNDi_UnlockMutex_ov065_0x020b5a20	func_ov065_020b5a20	ov065
SNDi_UnlockMutex_ov066_0x020b5a20	func_ov066_020b5a20	ov066
SNDi_UnlockMutex_ov067_0x020b5a20	func_ov067_020b5a20	ov067
SNDi_UnlockMutex_ov068_0x020b5a20	func_ov068_020b5a20	ov068
SNDi_UnlockMutex_ov070_0x020b8100	func_ov070_020b8100	ov070
SNDi_UnlockMutex_ov071_0x020b8100	func_ov071_020b8100	ov071
SNDi_UnlockMutex_ov072_0x020b8100	func_ov072_020b8100	ov072
SNDi_UnlockMutex_ov073_0x020b8100	func_ov073_020b8100	ov073
SNDi_UnlockMutex_ov074_0x020b8100	func_ov074_020b8100	ov074
SNDi_UnlockMutex_ov075_0x020b8100	func_ov075_020b8100	ov075
SNDi_UnlockMutex_ov076_0x020b8100	func_ov076_020b8100	ov076
SNDi_UnlockMutex_ov077_0x020b8100	func_ov077_020b8100	ov077
SNDi_UnlockMutex_ov078_0x020b8100	func_ov078_020b8100	ov078
SNDi_UnlockMutex_ov079_0x020b8100	func_ov079_020b8100	ov079
SNDi_UnlockMutex_ov080_0x020b8100	func_ov080_020b8100	ov080
SNDi_UnlockMutex_ov081_0x020b8100	func_ov081_020b8100	ov081
SNDi_UnlockMutex_ov082_0x020b8100	func_ov082_020b8100	ov082
SNDi_UnlockMutex_ov083_0x020b8100	func_ov083_020b8100	ov083
SNDi_UnlockMutex_ov084_0x020b8100	func_ov084_020b8100	ov084
SNDi_UnlockMutex_ov085_0x020b8100	func_ov085_020b8100	ov085
SNDi_UnlockMutex_ov086_0x020b8100	func_ov086_020b8100	ov086
SNDi_UnlockMutex_ov087_0x020b8100	func_ov087_020b8100	ov087
SNDi_UnlockMutex_ov088_0x020ba7c0	func_ov088_020ba7c0	ov088
SNDi_UnlockMutex_ov089_0x020ba7c0	func_ov089_020ba7c0	ov089
SNDi_UnlockMutex_ov090_0x020ba7c0	func_ov090_020ba7c0	ov090
SNDi_UnlockMutex_ov091_0x020ba7c0	func_ov091_020ba7c0	ov091
SNDi_UnlockMutex_ov092_0x020ba7c0	func_ov092_020ba7c0	ov092
SNDi_UnlockMutex_ov093_0x020ba7c0	func_ov093_020ba7c0	ov093
SNDi_UnlockMutex_ov094_0x020ba7c0	func_ov094_020ba7c0	ov094
SNDi_UnlockMutex_ov095_0x020ba7c0	func_ov095_020ba7c0	ov095
SNDi_UnlockMutex_ov096_0x020ba7c0	func_ov096_020ba7c0	ov096
SNDi_UnlockMutex_ov097_0x020ba7c0	func_ov097_020ba7c0	ov097
SNDi_UnlockMutex_ov098_0x020ba7c0	func_ov098_020ba7c0	ov098
SNDi_UnlockMutex_ov099_0x020ba7c0	func_ov099_020ba7c0	ov099
SNDi_UnlockMutex_ov100_0x020ba7c0	func_ov100_020ba7c0	ov100
SNDi_UnlockMutex_ov101_0x020ba7c0	func_ov101_020ba7c0	ov101
SNDi_UnlockMutex_ov102_0x020ba7c0	func_ov102_020ba7c0	ov102
SNDi_UnlockMutex_ov103_0x020ba7c0	func_ov103_020ba7c0	ov103
SNDi_UnlockMutex_ov104_0x020ba7c0	func_ov104_020ba7c0	ov104
WM_EndKeySharing	func_020018e0	?
WM_EndKeySharing_0x0200926c	PXI_Init	arm9
WM_EndKeySharing_0x0200e90c	CARD_WaitRomAsync	arm9
WM_EndKeySharing_0x0200e918	CARD_TryWaitRomAsync	arm9
WM_EndKeySharing_0x0200f004	CARD_WaitBackupAsync	arm9
WM_EndKeySharing_0x020107f0	NNS_FndDestroyExpHeap	arm9
WM_EndKeySharing_0x02010bc0	NNS_FndDestroyFrmHeap	arm9
WM_EndKeySharing_0x020116e4	func_020116e4	arm9
WM_EndKeySharing_0x0201696c	func_0201696c	arm9
WM_EndKeySharing_0x02019cac	func_02019cac	arm9
WM_EndKeySharing_0x0201a55c	func_0201a55c	arm9
WM_EndKeySharing_0x0202019c	func_0202019c	arm9
WM_EndKeySharing_0x02023ad0	func_02023ad0	arm9
WM_EndKeySharing_0x0202afe8	func_0202afe8	arm9
WM_EndKeySharing_0x02032444	func_02032444	arm9
WM_EndKeySharing_0x0204ecec	func_ov004_0204ecec	ov004
WM_EndKeySharing_0x02050724	func_ov005_02050724	?
WM_EndKeySharing_0x020507d4	func_ov009_020507d4	ov009
WM_EndKeySharing_0x02053464	func_ov008_02053464	ov008
WM_EndKeySharing_0x02054ca0	func_ov009_02054ca0	ov009
WM_EndKeySharing_0x0205665c	func_ov008_0205665c	ov008
WM_EndKeySharing_0x0205697c	func_ov008_0205697c	ov008
WM_EndKeySharing_0x02058360	func_ov000_02058360	ov000
WM_EndKeySharing_0x020593cc	func_ov008_020593cc	ov008
WM_EndKeySharing_0x020594c4	func_ov008_020594c4	ov008
WM_EndKeySharing_0x0205968c	func_ov008_0205968c	ov008
WM_EndKeySharing_0x0205bb78	func_ov012_0205bb78	ov012
WM_EndKeySharing_0x0205c574	func_ov008_0205c574	ov008
WM_EndKeySharing_0x02063574	func_ov002_02063574	ov002
WM_EndKeySharing_0x020698ec	func_ov008_020698ec	ov008
WM_EndKeySharing_0x02078154	func_ov008_02078154	ov008
WM_EndKeySharing_0x020835cc	func_ov024_020835cc	ov024
WM_EndKeySharing_0x02083d00	func_ov024_02083d00	ov024
WM_EndKeySharing_0x020850f8	func_ov024_020850f8	ov024
WM_EndKeySharing_0x02085104	func_ov024_02085104	ov024
WM_EndKeySharing_0x02085e3c	func_ov024_02085e3c	ov024
WM_EndKeySharing_0x02085e48	func_ov024_02085e48	ov024
WM_EndKeySharing_0x02087254	func_ov025_02087254	ov025
WM_EndKeySharing_0x0208a26c	func_ov025_0208a26c	ov025
WM_EndKeySharing_0x0208a5ec	func_ov025_0208a5ec	ov025
WM_EndKeySharing_0x0208ab14	func_ov028_0208ab14	ov028
WM_EndKeySharing_0x0208bdf8	func_ov025_0208bdf8	ov025
WM_EndKeySharing_0x0208d758	func_ov022_0208d758	?
WM_EndKeySharing_0x0208eb08	func_ov025_0208eb08	ov025
WM_EndKeySharing_0x0208fd64	func_ov022_0208fd64	?
WM_EndKeySharing_0x02095444	func_ov022_02095444	?
WM_EndKeySharing_0x0209bccc	func_ov025_0209bccc	ov025
WM_EndKeySharing_0x0209d10c	func_ov022_0209d10c	?
WM_EndKeySharing_0x020ad7ac	func_ov025_020ad7ac	ov025
WM_EndKeySharing_0x020aebbc	func_ov025_020aebbc	ov025
WM_EndKeySharing_0x020b15a4	func_ov022_020b15a4	ov022
WM_EndKeySharing_0x020b360c	func_ov038_020b360c	ov038
WM_EndKeySharing_0x020b3614	func_ov040_020b3614	ov040
WM_EndKeySharing_0x020b3928	func_ov036_020b3928	ov036
WM_EndKeySharing_0x020b3a70	func_ov046_020b3a70	ov046
WM_EndKeySharing_0x020b3b08	func_ov035_020b3b08	ov035
WM_EndKeySharing_0x020b3e80	func_ov039_020b3e80	ov039
WM_EndKeySharing_0x020b5e0c	func_ov057_020b5e0c	ov057
WM_EndKeySharing_0x020b5e14	func_ov059_020b5e14	ov059
WM_EndKeySharing_0x020b6128	func_ov055_020b6128	ov055
WM_EndKeySharing_0x020b6270	func_ov065_020b6270	ov065
WM_EndKeySharing_0x020b6308	func_ov054_020b6308	ov054
WM_EndKeySharing_0x020b6680	func_ov058_020b6680	ov058
WM_EndKeySharing_0x020b84ec	func_ov077_020b84ec	ov077
WM_EndKeySharing_0x020b84f4	func_ov079_020b84f4	ov079
WM_EndKeySharing_0x020b8808	func_ov075_020b8808	ov075
WM_EndKeySharing_0x020b8950	func_ov084_020b8950	ov084
WM_EndKeySharing_0x020b89e8	func_ov074_020b89e8	ov074
WM_EndKeySharing_0x020b8d60	func_ov078_020b8d60	ov078
WM_EndKeySharing_0x020ba244	func_ov069_020ba244	ov069
WM_EndKeySharing_0x020babac	func_ov094_020babac	ov094
WM_EndKeySharing_0x020babb4	func_ov096_020babb4	ov096
WM_EndKeySharing_0x020baec8	func_ov092_020baec8	ov092
WM_EndKeySharing_0x020bb010	func_ov101_020bb010	ov101
WM_EndKeySharing_0x020bb0a8	func_ov091_020bb0a8	ov091
WM_EndKeySharing_0x020bb420	func_ov095_020bb420	ov095
WM_EndKeySharing_0x020bf240	func_ov105_020bf240	ov105
WM_EndKeySharing_0x020bf900	func_ov105_020bf900	ov105
WM_EndKeySharing_0x020c3190	func_ov107_020c3190	ov107
WM_EndKeySharing_0x020cc1d8	func_ov301_020cc1d8	ov301
WM_EndKeySharing_0x020cc1e4	func_ov301_020cc1e4	ov301
WM_EndKeySharing_0x020cc25c	func_ov234_020cc25c	ov234
WM_EndKeySharing_0x020cc268	func_ov234_020cc268	ov234
WM_EndKeySharing_0x020cc290	func_ov153_020cc290	ov153
WM_EndKeySharing_0x020cc294	func_ov123_020cc294	ov123
WM_EndKeySharing_0x020cc370	func_ov173_020cc370	ov173
WM_EndKeySharing_0x020cc374	func_ov115_020cc374	ov115
WM_EndKeySharing_0x020cc380	func_ov115_020cc380	ov115
WM_EndKeySharing_0x020cc388	func_ov173_020cc388	ov173
WM_EndKeySharing_0x020cc38c	func_ov115_020cc38c	ov115
WM_EndKeySharing_0x020cc4f0	func_ov258_020cc4f0	ov258
WM_EndKeySharing_0x020cc63c	func_ov281_020cc63c	ov281
WM_EndKeySharing_0x020cc648	func_ov281_020cc648	ov281
WM_EndKeySharing_0x020cc800	func_ov237_020cc800	ov237
WM_EndKeySharing_0x020cc8a0	func_ov235_020cc8a0	ov235
WM_EndKeySharing_0x020cc8ac	func_ov235_020cc8ac	ov235
WM_EndKeySharing_0x020cca20	func_ov257_020cca20	ov257
WM_EndKeySharing_0x020cca2c	func_ov257_020cca2c	ov257
WM_EndKeySharing_0x020cccf4	func_ov253_020cccf4	ov253
WM_EndKeySharing_0x020cd20c	func_ov244_020cd20c	ov244
WM_EndKeySharing_0x020cd24c	func_ov277_020cd24c	ov277
WM_EndKeySharing_0x020ce19c	func_ov170_020ce19c	ov170
WM_EndKeySharing_0x020ce35c	func_ov166_020ce35c	ov166
WM_EndKeySharing_0x020ce390	func_ov169_020ce390	ov169
WM_EndKeySharing_0x020ce3f8	func_ov175_020ce3f8	ov175
WM_EndKeySharing_0x020ce450	func_ov188_020ce450	ov188
WM_EndKeySharing_0x020ce45c	func_ov188_020ce45c	ov188
WM_EndKeySharing_0x020ce638	func_ov200_020ce638	ov200
WM_EndKeySharing_0x020ce644	func_ov200_020ce644	ov200
WM_EndKeySharing_0x020cfed0	func_ov154_020cfed0	ov154
WM_EndKeySharing_0x020cfed4	func_ov124_020cfed4	ov124
WM_EndKeySharing_0x020cffb0	func_ov174_020cffb0	ov174
WM_EndKeySharing_0x020cffb4	func_ov116_020cffb4	ov116
WM_EndKeySharing_0x020cffc0	func_ov116_020cffc0	ov116
WM_EndKeySharing_0x020cffc4	func_ov172_020cffc4	ov172
WM_EndKeySharing_0x020cffc8	func_ov174_020cffc8	ov174
WM_EndKeySharing_0x020cffcc	func_ov116_020cffcc	ov116
WM_EndKeySharing_0x020d0194	func_ov276_020d0194	ov276
WM_EndKeySharing_0x020d01a0	func_ov276_020d01a0	ov276
WM_EndKeySharing_0x020d01b0	func_ov170_020d01b0	ov170
WM_EndKeySharing_0x020d0220	func_ov191_020d0220	ov191
WM_EndKeySharing_0x020d0270	func_ov189_020d0270	ov189
WM_EndKeySharing_0x020d027c	func_ov189_020d027c	ov189
WM_EndKeySharing_0x020d0458	func_ov271_020d0458	ov271
WM_EndKeySharing_0x020d0464	func_ov271_020d0464	ov271
WM_EndKeySharing_0x020d0c3c	func_ov212_020d0c3c	ov212
WM_EndKeySharing_0x020d0ca0	func_ov237_020d0ca0	ov237
WM_EndKeySharing_0x020d0e14	func_ov277_020d0e14	ov277
WM_EndKeySharing_0x020d0e7c	func_ov244_020d0e7c	ov244
WM_EndKeySharing_0x020d1b6c	func_ov255_020d1b6c	ov255
WM_EndKeySharing_0x020d1be0	func_ov259_020d1be0	ov259
WM_EndKeySharing_0x020d1bec	func_ov259_020d1bec	ov259
WM_EndKeySharing_0x020d1de4	func_ov179_020d1de4	ov179
WM_EndKeySharing_0x020d1f9c	func_ov167_020d1f9c	ov167
WM_EndKeySharing_0x020d2038	func_ov176_020d2038	ov176
WM_EndKeySharing_0x020d2040	func_ov192_020d2040	ov192
WM_EndKeySharing_0x020d2278	func_ov201_020d2278	ov201
WM_EndKeySharing_0x020d2284	func_ov201_020d2284	ov201
WM_EndKeySharing_0x020d252c	func_ov260_020d252c	ov260
WM_EndKeySharing_0x020d28c0	func_ov259_020d28c0	ov259
WM_EndKeySharing_0x020d2a34	func_ov266_020d2a34	ov266
WM_EndKeySharing_0x020d3adc	func_ov297_020d3adc	ov297
WM_EndKeySharing_0x020d3ae8	func_ov297_020d3ae8	ov297
WM_EndKeySharing_0x020d3b10	func_ov155_020d3b10	ov155
WM_EndKeySharing_0x020d3c04	func_ov180_020d3c04	ov180
WM_EndKeySharing_0x020d3e60	func_ov193_020d3e60	ov193
WM_EndKeySharing_0x020d3eb0	func_ov190_020d3eb0	ov190
WM_EndKeySharing_0x020d3ebc	func_ov190_020d3ebc	ov190
WM_EndKeySharing_0x020d3f1c	func_ov210_020d3f1c	ov210
WM_EndKeySharing_0x020d3f30	func_ov282_020d3f30	ov282
WM_EndKeySharing_0x020d405c	func_ov223_020d405c	ov223
WM_EndKeySharing_0x020d4854	func_ov267_020d4854	ov267
WM_EndKeySharing_0x020d5bdc	func_ov168_020d5bdc	ov168
WM_EndKeySharing_0x020d5c78	func_ov177_020d5c78	ov177
WM_EndKeySharing_0x020d5d3c	func_ov211_020d5d3c	ov211
WM_EndKeySharing_ov166_0x020cc37c	func_ov166_020cc37c	ov166
WM_EndKeySharing_ov167_0x020cffbc	func_ov167_020cffbc	ov167
WM_EndKeySharing_ov168_0x020d3bfc	func_ov168_020d3bfc	ov168
WM_EndKeySharing_ov169_0x020cc37c	func_ov169_020cc37c	ov169
WM_EndKeySharing_ov171_0x020cc384	func_ov171_020cc384	ov171
WM_EndKeySharing_ov173_0x020cc37c	func_ov173_020cc37c	ov173
WM_EndKeySharing_ov174_0x020cffbc	func_ov174_020cffbc	ov174
WM_EndKeySharing_ov175_0x020cc37c	func_ov175_020cc37c	ov175
WM_EndKeySharing_ov176_0x020cffbc	func_ov176_020cffbc	ov176
WM_EndKeySharing_ov177_0x020d3bfc	func_ov177_020d3bfc	ov177
WM_EndKeySharing_ov178_0x020cc384	func_ov178_020cc384	ov178
WM_EndKeySharing_ov236_0x020ce6fc	func_ov236_020ce6fc	ov236
WM_EndKeySharing_ov278_0x020ce6fc	func_ov278_020ce6fc	ov278
WM_EndKeySharing_ov292_0x020d3ab4	func_ov292_020d3ab4	ov292
WM_EndKeySharing_ov292_0x020d3ac0	func_ov292_020d3ac0	ov292
WM_EndKeySharing_ov298_0x020d3ab4	func_ov298_020d3ab4	ov298
WM_EndKeySharing_ov298_0x020d3ac0	func_ov298_020d3ac0	ov298
srand	func_02001020	?
srand_0x0200e090	func_0200e090	arm9
srand_0x02016284	func_02016284	arm9
srand_0x0208875c	func_ov022_0208875c	ov022
