data_02042534	gBootTaskClass	main
data_ov000_0205a9c0	gOv000TitleSceneClass	ov000
data_ov002_0207ef54	gOv002FieldSceneClass	ov002
data_ov004_02051210	gOv004CalendarSceneClass	ov004
data_ov005_0205b4dc	gOv005MissionResultSceneClass	ov005
data_ov006_020565c0	gOv006MissionSelectSceneClass	ov006
data_ov007_0204d3c4	gOv007MonologueSceneClass	ov007
data_ov008_0208ffa0	gOv008MissionCampSceneClass	ov008
data_ov010_0204cfa0	gOv010ConnectionErrorSceneClass	ov010
data_ov012_0205c2bc	gOv012OpeningSceneClass	ov012
data_ov030_020b58f4	gOv030RoxasClass	ov030
data_ov031_020b4cc0	gOv031AxelClass	ov031
data_ov032_020b57f4	gOv032XigbarClass	ov032
data_ov033_020b4b00	gOv033SaixClass	ov033
data_ov034_020b55c0	gOv034XaldinClass	ov034
data_ov035_020b4bf4	gOv035SoraClass	ov035
data_ov036_020b4e40	gOv036DemyxClass	ov036
data_ov037_020b4d94	gOv037LarxeneClass	ov037
data_ov038_020b4bd4	gOv038LexaeusClass	ov038
data_ov039_020b5554	gOv039LuxordClass	ov039
data_ov040_020b4a74	gOv040MarluxiaClass	ov040
data_ov041_020b4c60	gOv041RikuClass	ov041
data_ov042_020b4740	gOv042VexenClass	ov042
data_ov043_020b5800	gOv043XemnasClass	ov043
data_ov044_020b5500	gOv044XionClass	ov044
data_ov045_020b4b80	gOv045ZexionClass	ov045
data_ov046_020b4aa0	gOv046MickeyClass	ov046
data_ov047_020b42f4	gOv047DonaldClass	ov047
data_ov048_020b4ad4	gOv048GoofyClass	ov048
data_ov049_020b4c34	gOv049RoxasDualClass	ov049
data_ov050_020b74c0	gOv050AxelClass	ov050
data_ov051_020b7300	gOv051SaixClass	ov051
data_ov052_020b7ff4	gOv052XigbarClass	ov052
data_ov053_020b7dc0	gOv053XaldinClass	ov053
data_ov054_020b73f4	gOv054SoraClass	ov054
data_ov055_020b7640	gOv055DemyxClass	ov055
data_ov056_020b7594	gOv056LarxeneClass	ov056
data_ov057_020b73d4	gOv057LexaeusClass	ov057
data_ov058_020b7d54	gOv058LuxordClass	ov058
data_ov059_020b7274	gOv059MarluxiaClass	ov059
data_ov060_020b7460	gOv060RikuClass	ov060
data_ov061_020b6f40	gOv061VexenClass	ov061
data_ov062_020b8000	gOv062XemnasClass	ov062
data_ov063_020b7d00	gOv063XionClass	ov063
data_ov064_020b7380	gOv064ZexionClass	ov064
data_ov065_020b72a0	gOv065MickeyClass	ov065
data_ov066_020b6af4	gOv066DonaldClass	ov066
data_ov067_020b72d4	gOv067GoofyClass	ov067
data_ov068_020b7434	gOv068RoxasDualClass	ov068
data_ov070_020b9ba0	gOv070AxelClass	ov070
data_ov071_020b99e0	gOv071SaixClass	ov071
data_ov072_020ba6d4	gOv072XigbarClass	ov072
data_ov073_020ba4a0	gOv073XaldinClass	ov073
data_ov074_020b9ad4	gOv074SoraClass	ov074
data_ov075_020b9d20	gOv075DemyxClass	ov075
data_ov076_020b9c74	gOv076LarxeneClass	ov076
data_ov077_020b9ab4	gOv077LexaeusClass	ov077
data_ov078_020ba434	gOv078LuxordClass	ov078
data_ov079_020b9954	gOv079MarluxiaClass	ov079
data_ov080_020b9b40	gOv080RikuClass	ov080
data_ov081_020b9620	gOv081VexenClass	ov081
data_ov082_020ba3e0	gOv082XionClass	ov082
data_ov083_020b9a60	gOv083ZexionClass	ov083
data_ov084_020b9980	gOv084MickeyClass	ov084
data_ov085_020b91d4	gOv085DonaldClass	ov085
data_ov086_020b99b4	gOv086GoofyClass	ov086
data_ov087_020b9b14	gOv087RoxasDualClass	ov087
data_ov088_020bc260	gOv088AxelClass	ov088
data_ov089_020bc0a0	gOv089SaixClass	ov089
data_ov090_020bcb60	gOv090XaldinClass	ov090
data_ov091_020bc194	gOv091SoraClass	ov091
data_ov092_020bc3e0	gOv092DemyxClass	ov092
data_ov093_020bc334	gOv093LarxeneClass	ov093
data_ov094_020bc174	gOv094LexaeusClass	ov094
data_ov095_020bcaf4	gOv095LuxordClass	ov095
data_ov096_020bc014	gOv096MarluxiaClass	ov096
data_ov097_020bc200	gOv097RikuClass	ov097
data_ov098_020bbce0	gOv098VexenClass	ov098
data_ov099_020bcaa0	gOv099XionClass	ov099
data_ov100_020bc120	gOv100ZexionClass	ov100
data_ov101_020bc040	gOv101MickeyClass	ov101
data_ov102_020bb894	gOv102DonaldClass	ov102
data_ov103_020bc074	gOv103GoofyClass	ov103
data_ov104_020bc1d4	gOv104RoxasDualClass	ov104
