data_ov114_020cdfe0	gOv114PackPathFmt	ov114
data_ov115_020ceb80	gOv115PackPathFmt	ov115
data_ov116_020d27c0	gOv116PackPathFmt	ov116
data_ov117_020cdc64	gOv117PackPathFmt	ov117
data_ov118_020d18a4	gOv118PackPathFmt	ov118
data_ov119_020cf980	gOv119PackPathFmt	ov119
data_ov120_020cdf20	gOv120PackPathFmt	ov120
data_ov121_020cfd40	gOv121PackPathFmt	ov121
data_ov122_020d1b60	gOv122PackPathFmt	ov122
data_ov123_020ce300	gOv123PackPathFmt	ov123
data_ov124_020d1f40	gOv124PackPathFmt	ov124
data_ov125_020d0440	gOv125PackPathFmt	ov125
data_ov126_020d4080	gOv126PackPathFmt	ov126
data_ov127_020cd760	gOv127PackPathFmt	ov127
data_ov128_020d4fe0	gOv128PackPathFmt	ov128
data_ov129_020d6e00	gOv129PackPathFmt	ov129
data_ov130_020cd760	gOv130PackPathFmt	ov130
data_ov131_020cefe0	gOv131PackPathFmt	ov131
data_ov132_020d0e00	gOv132PackPathFmt	ov132
data_ov133_020d4a40	gOv133PackPathFmt	ov133
data_ov134_020cdfe0	gOv134PackPathFmt	ov134
data_ov135_020d1c20	gOv135PackPathFmt	ov135
data_ov136_020d3a40	gOv136PackPathFmt	ov136
data_ov137_020cf3c0	gOv137PackPathFmt	ov137
data_ov138_020d3000	gOv138PackPathFmt	ov138
data_ov139_020cec80	gOv139PackPathFmt	ov139
data_ov140_020d28c0	gOv140PackPathFmt	ov140
data_ov141_020cea40	gOv141PackPathFmt	ov141
data_ov142_020d2680	gOv142PackPathFmt	ov142
data_ov143_020d62c0	gOv143PackPathFmt	ov143
data_ov144_020cdce0	gOv144PackPathFmt	ov144
data_ov145_020cfae0	gOv145PackPathFmt	ov145
data_ov146_020cf520	gOv146PackPathFmt	ov146
data_ov147_020ce8c0	gOv147PackPathFmt	ov147
data_ov148_020d2500	gOv148PackPathFmt	ov148
data_ov149_020d07a0	gOv149PackPathFmt	ov149
data_ov150_020d25c0	gOv150PackPathFmt	ov150
data_ov151_020cec60	gOv151PackPathFmt	ov151
data_ov152_020d64e0	gOv152PackPathFmt	ov152
data_ov153_020ce080	gOv153PackPathFmt	ov153
data_ov154_020d1cc0	gOv154PackPathFmt	ov154
data_ov155_020d5900	gOv155PackPathFmt	ov155
data_ov156_020cede0	gOv156PackPathFmt	ov156
data_ov157_020d0c00	gOv157PackPathFmt	ov157
data_ov158_020cf580	gOv158PackPathFmt	ov158
data_ov159_020d4fe0	gOv159PackPathFmt	ov159
data_ov160_020cf800	gOv160PackPathFmt	ov160
data_ov161_020cf2e0	gOv161PackPathFmt	ov161
data_ov162_020d1100	gOv162PackPathFmt	ov162
data_ov163_020d0ee0	gOv163PackPathFmt	ov163
data_ov164_020d2d00	gOv164PackPathFmt	ov164
data_ov165_020d4b20	gOv165PackPathFmt	ov165
data_ov166_020ceb00	gOv166PackPathFmt	ov166
data_ov167_020d2740	gOv167PackPathFmt	ov167
data_ov168_020d6380	gOv168PackPathFmt	ov168
data_ov169_020cee60	gOv169PackPathFmt	ov169
data_ov170_020d0c80	gOv170PackPathFmt	ov170
data_ov171_020ceec0	gOv171PackPathFmt	ov171
data_ov172_020d2b00	gOv172PackPathFmt	ov172
data_ov173_020cecc0	gOv173PackPathFmt	ov173
data_ov174_020d2900	gOv174PackPathFmt	ov174
data_ov175_020ceaa0	gOv175PackPathFmt	ov175
data_ov176_020d26e0	gOv176PackPathFmt	ov176
data_ov177_020d6320	gOv177PackPathFmt	ov177
data_ov178_020ceea0	gOv178PackPathFmt	ov178
data_ov179_020d4900	gOv179PackPathFmt	ov179
data_ov180_020d6720	gOv180PackPathFmt	ov180
data_ov181_020cea40	gOv181PackPathFmt	ov181
data_ov182_020d0860	gOv182PackPathFmt	ov182
data_ov183_020d2680	gOv183PackPathFmt	ov183
data_ov184_020d44a0	gOv184PackPathFmt	ov184
data_ov185_020d16c4	gOv185PackPathFmt_2	ov185
data_ov185_020d16d4	gOv185PackPathFmt	ov185
data_ov186_020d34e4	gOv186PackPathFmt_2	ov186
data_ov186_020d34f4	gOv186PackPathFmt	ov186
data_ov187_020d7124	gOv187PackPathFmt_2	ov187
data_ov187_020d7134	gOv187PackPathFmt	ov187
data_ov188_020d0280	gOv188PackPathFmt	ov188
data_ov189_020d20a0	gOv189PackPathFmt	ov189
data_ov190_020d5ce0	gOv190PackPathFmt	ov190
data_ov191_020d2de0	gOv191PackPathFmt	ov191
data_ov192_020d4c00	gOv192PackPathFmt	ov192
data_ov193_020d6a20	gOv193PackPathFmt	ov193
data_ov194_020cefe0	gOv194PackPathFmt	ov194
data_ov195_020d2c20	gOv195PackPathFmt	ov195
data_ov196_020d6860	gOv196PackPathFmt	ov196
data_ov197_020ce8c0	gOv197PackPathFmt	ov197
data_ov198_020d2500	gOv198PackPathFmt	ov198
data_ov199_020d6140	gOv199PackPathFmt	ov199
data_ov200_020d1860	gOv200PackPathFmt	ov200
data_ov201_020d54a0	gOv201PackPathFmt	ov201
data_ov202_020cefe0	gOv202PackPathFmt	ov202
data_ov203_020d6860	gOv203PackPathFmt	ov203
data_ov204_020d36a0	gOv204PackPathFmt	ov204
data_ov205_020d72e0	gOv205PackPathFmt	ov205
data_ov206_020d0660	gOv206PackPathFmt	ov206
data_ov207_020d42a0	gOv207PackPathFmt	ov207
data_ov208_020d4820	gOv208PackPathFmt	ov208
data_ov209_020d6640	gOv209PackPathFmt	ov209
data_ov210_020d4780	gOv210PackPathFmt	ov210
data_ov211_020d65a0	gOv211PackPathFmt	ov211
data_ov212_020d2180	gOv212PackPathFmt	ov212
data_ov213_020d2fa0	gOv213PackPathFmt	ov213
data_ov214_020cec40	gOv214PackPathFmt	ov214
data_ov215_020d2880	gOv215PackPathFmt	ov215
data_ov216_020cec40	gOv216PackPathFmt	ov216
data_ov217_020d2880	gOv217PackPathFmt	ov217
data_ov218_020cf320	gOv218PackPathFmt	ov218
data_ov219_020d18c0	gOv219PackPathFmt	ov219
data_ov220_020d3ba0	gOv220PackPathFmt	ov220
data_ov223_020d5100	gOv223PackPathFmt	ov223
data_ov226_020d4b60	gOv226PackPathFmt	ov226
data_ov227_020d4b80	gOv227PackPathFmt	ov227
data_ov228_020d2ce0	gOv228PackPathFmt	ov228
data_ov229_020d6920	gOv229PackPathFmt	ov229
data_ov230_020d6480	gOv230PackPathFmt	ov230
data_ov231_020cfa60	gOv231PackPathFmt	ov231
data_ov232_020d36a0	gOv232PackPathFmt	ov232
data_ov233_020d0e40	gOv233PackPathFmt	ov233
data_ov234_020cd120	gOv234PackPathFmt	ov234
data_ov235_020d2580	gOv235PackPathFmt	ov235
data_ov236_020d64a0	gOv236PackPathFmt	ov236
data_ov237_020d1c88	gOv237PackPathFmt	ov237
data_ov238_020d3700	gOv238PackPathFmt	ov238
data_ov239_020cdc40	gOv239PackPathFmt	ov239
data_ov240_020cfb80	gOv240PackPathFmt	ov240
data_ov241_020d0cb8	gOv241PackPathFmt	ov241
data_ov242_020d48f8	gOv242PackPathFmt	ov242
data_ov243_020d476c	gOv243PackPathFmt	ov243
data_ov244_020d37c0	gOv244PackPathFmt_2	ov244
data_ov244_020d38a8	gOv244PackPathFmt	ov244
data_ov245_020d71e0	gOv245PackPathFmt	ov245
data_ov246_020d3120	gOv246PackPathFmt	ov246
data_ov247_020d4f40	gOv247PackPathFmt	ov247
data_ov248_020d0c20	gOv248PackPathFmt	ov248
data_ov249_020d49a0	gOv249PackPathFmt	ov249
data_ov250_020d2900	gOv250PackPathFmt	ov250
data_ov251_020d6540	gOv251PackPathFmt	ov251
data_ov252_020d4520	gOv252PackPathFmt	ov252
data_ov253_020d4b58	gOv253PackPathFmt	ov253
data_ov254_020d5980	gOv254PackPathFmt	ov254
data_ov255_020d2be0	gOv255PackPathFmt	ov255
data_ov256_020d2680	gOv256PackPathFmt	ov256
data_ov257_020d33c0	gOv257PackPathFmt	ov257
data_ov258_020d1860	gOv258PackPathFmt	ov258
data_ov259_020d2fc0	gOv259PackPathFmt	ov259
data_ov260_020d2aa0	gOv260PackPathFmt	ov260
data_ov261_020d1580	gOv261PackPathFmt	ov261
data_ov262_020d51c0	gOv262PackPathFmt	ov262
data_ov263_020d36c0	gOv263PackPathFmt	ov263
data_ov264_020cec20	gOv264PackPathFmt	ov264
data_ov265_020d36c0	gOv265PackPathFmt	ov265
data_ov266_020d3f60	gOv266PackPathFmt	ov266
data_ov267_020d5d80	gOv267PackPathFmt	ov267
data_ov268_020d4860	gOv268PackPathFmt	ov268
data_ov269_020d4ac0	gOv269PackPathFmt	ov269
data_ov270_020d68e0	gOv270PackPathFmt	ov270
data_ov271_020d36e0	gOv271PackPathFmt	ov271
data_ov272_020d35a0	gOv272PackPathFmt	ov272
data_ov273_020d6be0	gOv273PackPathFmt	ov273
data_ov274_020d42c0	gOv274PackPathFmt	ov274
data_ov275_020d60e0	gOv275PackPathFmt	ov275
data_ov276_020d2c20	gOv276PackPathFmt	ov276
data_ov277_020d3760	gOv277PackPathFmt_2	ov277
data_ov277_020d3848	gOv277PackPathFmt	ov277
data_ov278_020d6460	gOv278PackPathFmt	ov278
data_ov279_020d35c0	gOv279PackPathFmt	ov279
data_ov280_020d36c0	gOv280PackPathFmt	ov280
data_ov281_020ce480	gOv281PackPathFmt	ov281
data_ov282_020d47a0	gOv282PackPathFmt	ov282
data_ov283_020cfbe0	gOv283PackPathFmt	ov283
data_ov284_020cd600	gOv284PackPathFmt	ov284
data_ov285_020d2760	gOv285PackPathFmt	ov285
data_ov286_020d4580	gOv286PackPathFmt	ov286
data_ov287_020d16e0	gOv287PackPathFmt	ov287
data_ov288_020d5320	gOv288PackPathFmt	ov288
data_ov289_020d7140	gOv289PackPathFmt	ov289
data_ov290_020cc020	gOv290PackPathFmt	ov290
data_ov291_020cd620	gOv291PackPathFmt	ov291
data_ov292_020d48c0	gOv292PackPathFmt	ov292
data_ov293_020d3620	gOv293PackPathFmt	ov293
data_ov294_020d2520	gOv294PackPathFmt	ov294
data_ov295_020d4340	gOv295PackPathFmt	ov295
data_ov296_020d6160	gOv296PackPathFmt	ov296
data_ov297_020d57c0	gOv297PackPathFmt	ov297
data_ov298_020d55c0	gOv298PackPathFmt	ov298
data_ov299_020d4e00	gOv299PackPathFmt	ov299
data_ov300_020cbfe0	gOv300PackPathFmt	ov300
data_ov301_020cc760	gOv301PackPathFmt	ov301
