# old_name	new_name	module  -- the func_<addr> placeholders left in the shared prototype headers
# (include/game/engine.h, include/game/enemy_common.h), named from their callers and globals
func_0201e428	GetMasterBrightnessMain	main
func_0201e438	GetMasterBrightnessSub	main
func_0201e4f0	FileLoader_FreeRequest	main
func_02020878	PauseMenu_SetAllowed	main
func_020208e0	PauseMenu_GetMode	main
func_020208f0	Sleep_Unblock	main
func_02020904	Sleep_Block	main
func_02020914	Sleep_IsAllowed	main
func_02020d10	ScriptVm_ResolveActorIndex	main
func_02021884	ScriptVm_UpdateActiveCamera	main
func_020219c4	Script_ValueToFx32	main
func_020235bc	GameState_ClearFlag	main
func_0202362c	Heap_SetCurrent	main
func_02023650	Heap_GetCurrent	main
func_02023728	ExpHeap_Free	main
func_02023768	ExpHeap_ResizeBlock	main
func_02023bf0	Obj_GetCurrent	main
func_02023c40	GetFrameRateMode	main
func_02023c50	Obj_GetFrameCount	main
func_02024088	Bg_WriteSubBg1Cnt	main
func_020240bc	Bg_WriteSubBg0Cnt	main
func_02024148	Bg_WriteMainBg1Cnt	main
func_0202417c	Bg_WriteMainBg0Cnt	main
func_02024a18	Gfx_GetBgUploadTarget	main
func_02024e5c	GetLanguage	main
func_0202a684	Model_DropTextureImage	main
func_0202b5f8	EntityMgr_PushToList	main
func_0202ba44	EntityMgr_DropTextureImage	main
func_0202ba68	EntityRecord_DropTextureImage	main
func_0202bfb8	EntityMgr_GetModelGroupCount	main
func_0202c57c	EntityMgr_GetVramStateDepth	main
func_0202c604	Entity_AttachNode	main
func_0202c614	Entity_DetachNode	main
func_0202ef10	Quat_Add	main
func_0202f7fc	Font_LoadUTF16	main
func_020303bc	TextWindow_GetTextWidth	main
func_02030e64	Session_SetMoviePlaying	main
func_02031384	MsgQueue_Post	main
func_02031574	MsgQueue_SetMoviePlaying	main
func_02031600	Session_StoreSetup	main
func_02031b2c	DispObjList_GetEngine	main
func_02031df0	DList_UnlinkAndClear	main
func_0203243c	DispObjList_AddResource	main
func_0203255c	DispObjList_UpdateQueued	main
func_0203256c	DispObjList_UpdateImmediate	main
func_020335c8	SoundMgr_IsBgmFadingOut	main
func_02033758	SoundMgr_SwitchBgm	main
func_02033770	SoundMgr_SwitchBgmResume	main
func_02034138	SoundMgr_SetSeEnabled	main
func_020359b4	PartyMember_AddEntryPair	main
func_02035a34	PartyMember_ClearEntryPairs	main
func_02035c44	PartyState_FreeRecord	main
func_02035d18	PartyState_SetHeldItem	main
func_020362ec	KeyRepeat_Step	main
func_ov107_020c9848	Ov107_GetActorManager	ov107
func_ov107_020c9c1c	Ov107_VeneerTo_Obj_Destroy	ov107
